floor,arrival_group,wait_minutes,data_type
1,all,1.5,illustrative
1,all,2,illustrative
1,all,2,illustrative
1,all,2.5,illustrative
1,all,3,illustrative
1,all,3,illustrative
1,all,3,illustrative
1,all,3.5,illustrative
1,all,4,illustrative
1,all,4,illustrative
1,all,4.5,illustrative
1,all,5,illustrative
2,all,1.5,illustrative
2,all,2,illustrative
2,all,2.5,illustrative
2,all,2.5,illustrative
2,all,3,illustrative
2,all,3,illustrative
2,all,3.5,illustrative
2,all,3.5,illustrative
2,all,4,illustrative
2,all,4,illustrative
2,all,4.5,illustrative
2,all,5,illustrative
3,same_floor,4,illustrative
3,same_floor,4,illustrative
3,same_floor,4.5,illustrative
3,same_floor,4.5,illustrative
3,same_floor,5,illustrative
3,same_floor,5,illustrative
3,same_floor,5,illustrative
3,same_floor,5.5,illustrative
3,same_floor,5.5,illustrative
3,same_floor,5.5,illustrative
3,same_floor,6,illustrative
3,same_floor,6,illustrative
3,other_floor,9,illustrative
3,other_floor,10,illustrative
3,other_floor,11,illustrative
3,other_floor,12,illustrative
3,other_floor,12,illustrative
3,other_floor,13,illustrative
3,other_floor,14,illustrative
3,other_floor,15,illustrative
3,other_floor,16,illustrative
3,other_floor,17,illustrative
3,other_floor,18,illustrative
3,other_floor,19,illustrative
4,all,3,illustrative
4,all,4,illustrative
4,all,4.5,illustrative
4,all,5,illustrative
4,all,5,illustrative
4,all,5.5,illustrative
4,all,6,illustrative
4,all,6,illustrative
4,all,6.5,illustrative
4,all,7,illustrative
4,all,7.5,illustrative
4,all,8,illustrative
5,all,2,illustrative
5,all,2.5,illustrative
5,all,3,illustrative
5,all,3.5,illustrative
5,all,4,illustrative
5,all,4,illustrative
5,all,4.5,illustrative
5,all,5,illustrative
5,all,5,illustrative
5,all,5.5,illustrative
5,all,6,illustrative
5,all,6,illustrative
